TermID	Name	Value	LogSize	Frequency	Uniqueness	Dispensability	Representative
GO:0018158	"protein oxidation"	-1.8446639625349381	0.7781512503836436	0.025209236664313805	0.7019772798194074	0.32099201	null
GO:0018171	"peptidyl-cysteine oxidation"	-1.8446639625349381	0.7781512503836436	0.025209236664313805	0.5628759741973351	0	null
GO:0070483	"detection of hypoxia"	-1.8446639625349381	0.8450980400142568	0.03025108399717657	0.6346987969321883	0	null
