TermID	Name	Value	LogSize	Frequency	Uniqueness	Dispensability	Representative
GO:0006357	"regulation of transcription by RNA polymerase II"	-5.941573975542995	2.4800069429571505	1.5175960471916912	0.935872891772413	0	null
GO:0042744	"hydrogen peroxide catabolic process"	-5.941573975542995	1.9637878273455553	0.45880810729051125	0.7488262242462655	0.20633135	null
GO:0006366	"transcription by RNA polymerase II"	-5.565910361582109	1.7403626894942439	0.27225975597458907	0.873099350055972	0	null
GO:0072593	"reactive oxygen species metabolic process"	-5.543633966870957	2.12057393120585	0.6604820006050217	0.8654490609132268	0.19647614	null
GO:0009664	"plant-type cell wall organization"	-3.0713481533463054	2.2068258760318495	0.8066955732580418	0.8324609844032325	0.04978701	null
GO:0006829	"zinc ion transport"	-1.4644527208233322	1.4771212547196624	0.14621357265302007	0.8617566063063886	0	null
GO:0006979	"response to oxidative stress"	-1.4644527208233322	2.60959440922522	2.046990017142281	0.9431969673263432	0	null
GO:0050794	"regulation of cellular process"	-1.4644527208233322	3.6602012013806817	23.051326005848544	0.935872891772413	0.3585424	null
GO:0006950	"response to stress"	-1.4409316659654632	3.5561818466529114	18.14056670364021	0.9431969673263432	0.3169839	null
