TermID	Name	Value	LogSize	Frequency	Uniqueness	Dispensability	Representative
GO:0042853	"L-alanine catabolic process"	-2.0185891598341117	0.9030899869919435	0.03289010007987596	0.10264235499473397	0	null
GO:0015689	"molybdate ion transport"	-1.8572977542623845	0.8450980400142568	0.028191514354179395	1	0	null
