TermID	Name	Value	LogSize	Frequency	Uniqueness	Dispensability	Representative
GO:0046499	"S-adenosylmethioninamine metabolic process"	-3.5612994670992637	1.4471580313422192	0.1801189793500135	0.7137811625797121	0	null
GO:0006597	"spermine biosynthetic process"	-3.3395139842150323	0.8450980400142568	0.028191514354179395	0.526524396796135	0.21700726	null
GO:0010480	"microsporocyte differentiation"	-2.2163107636526838	1.7160033436347992	0.24441482675878287	0.6117535157171067	0.03111102	null
GO:0010075	"regulation of meristem growth"	-2.1554606978709923	1.7993405494535817	0.29131231499318705	0.7260847362518597	0.30568738	null
GO:0009934	"regulation of meristem structural organization"	-1.8690233083943828	1.3010299956639813	0.08927312878823475	0.9471994329822633	0.48164916	null
GO:0048533	"sporocyte differentiation"	-1.8690233083943828	0.47712125471966244	0.00939717145139313	0.8143264900889786	0.43164642	null
GO:0031408	"oxylipin biosynthetic process"	-1.7559704109699783	1.4771212547196624	0.1362589860452004	0.7222863702714457	0.36095759	null
GO:0031407	"oxylipin metabolic process"	-1.7223907856959089	1.505149978319906	0.14565615749659352	0.7553001491199823	0.45263671	null
