TermID	Name	Value	LogSize	Frequency	Uniqueness	Dispensability	Representative
GO:0007165	"signal transduction"	-5.272540079142091	3.2801228963023075	8.950805807451957	0.5022247966397306	0	null
GO:0023052	"signaling"	-5.272540079142091	3.288696260590256	9.129352065028426	0.7555976656892773	0.39224637	null
GO:0007154	"cell communication"	-4.640543979879014	3.332034277027518	10.087863553070525	0.8878825039445541	0.08151308	null
GO:0051716	"cellular response to stimulus"	-3.987162775294828	3.506369717095504	15.073063008034582	0.6989699445165396	0.40020593	null
